order_id,amount,currency,order_date
ORD-1001,299,INR,2026-08-01 13:39:00
ORD-1002,999,INR,2026-08-06 13:44:00
ORD-1003,799,INR,2026-08-04 04:12:00
ORD-1004,299,INR,2026-08-16 09:34:00
ORD-1005,4999,INR,2026-08-02 23:28:00
ORD-1006,1999,INR,2026-08-01 17:21:00
ORD-1007,199,INR,2026-08-03 03:10:00
ORD-1008,799,INR,2026-08-06 07:03:00
ORD-1009,4999,INR,2026-08-14 16:46:00
ORD-1010,199,INR,2026-08-13 18:30:00
ORD-1011,799,INR,2026-08-17 07:02:00
ORD-1012,4999,INR,2026-08-10 13:06:00
ORD-1013,799,INR,2026-08-11 05:19:00
ORD-1014,999,INR,2026-08-19 10:03:00
ORD-1015,199,INR,2026-08-18 06:24:00
ORD-1016,499,INR,2026-08-16 21:16:00
ORD-1017,1999,INR,2026-08-08 17:49:00
ORD-1018,999,INR,2026-08-04 12:54:00
ORD-1019,799,INR,2026-08-18 08:58:00
ORD-1020,1499,INR,2026-08-03 07:49:00
ORD-1021,299,INR,2026-08-09 15:29:00
ORD-1022,299,INR,2026-08-09 04:03:00
ORD-1023,1499,INR,2026-08-14 17:42:00
ORD-1024,999,INR,2026-08-19 08:47:00
ORD-1025,199,INR,2026-08-17 14:31:00
ORD-1026,2499,INR,2026-08-13 04:51:00
ORD-1027,299,INR,2026-08-09 14:43:00
ORD-1028,299,INR,2026-08-13 13:29:00
ORD-1029,999,INR,2026-08-19 20:57:00
ORD-1030,1499,INR,2026-08-14 03:18:00
ORD-1031,799,INR,2026-08-17 00:47:00
ORD-1032,299,INR,2026-08-02 01:01:00
ORD-1033,799,INR,2026-08-18 14:11:00
ORD-1034,999,INR,2026-08-02 19:34:00
ORD-1035,799,INR,2026-08-20 17:12:00
ORD-1036,299,INR,2026-08-09 15:35:00
ORD-1037,999,INR,2026-08-11 07:37:00
ORD-1038,1499,INR,2026-08-04 16:49:00
ORD-1039,1499,INR,2026-08-09 02:01:00
ORD-1040,799,INR,2026-08-16 06:00:00
ORD-1041,999,INR,2026-08-16 23:17:00
ORD-1042,299,INR,2026-08-14 20:40:00
ORD-1043,499,INR,2026-08-13 03:42:00
ORD-1044,799,INR,2026-08-04 17:14:00
ORD-1045,2499,INR,2026-08-09 15:13:00
ORD-1046,999,INR,2026-08-15 13:31:00
ORD-1047,4999,INR,2026-08-05 23:56:00
ORD-1048,1499,INR,2026-08-20 04:18:00
ORD-1049,199,INR,2026-08-06 05:05:00
ORD-1050,199,INR,2026-08-19 07:39:00
ORD-1051,1499,INR,2026-08-10 03:05:00
ORD-1052,999,INR,2026-08-02 12:08:00
ORD-1053,799,INR,2026-08-13 21:45:00
ORD-1054,1499,INR,2026-08-05 20:07:00
ORD-1055,2499,INR,2026-08-10 00:04:00
ORD-1056,2499,INR,2026-08-04 06:01:00
ORD-1057,999,INR,2026-08-04 04:15:00
ORD-1058,799,INR,2026-08-17 22:51:00
ORD-1059,4999,INR,2026-08-13 06:21:00
ORD-1060,999,INR,2026-08-17 23:58:00
ORD-1061,1999,INR,2026-08-14 06:41:00
ORD-1062,1999,INR,2026-08-09 05:41:00
ORD-1063,799,INR,2026-08-04 03:32:00
ORD-1064,4999,INR,2026-08-12 05:31:00
ORD-1065,299,INR,2026-08-18 04:45:00
ORD-1066,199,INR,2026-08-20 14:16:00
ORD-1067,299,INR,2026-08-04 11:28:00
ORD-1068,499,INR,2026-08-19 00:34:00
ORD-1069,1999,INR,2026-08-14 13:43:00
ORD-1070,299,INR,2026-08-09 18:08:00
ORD-1071,1999,INR,2026-08-14 13:26:00
ORD-1072,2499,INR,2026-08-13 00:58:00
ORD-1073,999,INR,2026-08-13 14:08:00
ORD-1074,199,INR,2026-08-16 11:31:00
ORD-1075,299,INR,2026-08-16 12:18:00
ORD-1076,4999,INR,2026-08-18 02:04:00
ORD-1077,999,INR,2026-08-18 11:45:00
ORD-1078,1499,INR,2026-08-03 12:55:00
ORD-1079,999,INR,2026-08-10 21:26:00
ORD-1080,499,INR,2026-08-11 07:47:00
ORD-1081,199,INR,2026-08-17 10:21:00
ORD-1082,999,INR,2026-08-12 09:23:00
ORD-1083,499,INR,2026-08-12 13:15:00
ORD-1084,299,INR,2026-08-20 19:25:00
ORD-1085,999,INR,2026-08-20 03:39:00
ORD-1086,4999,INR,2026-08-14 20:34:00
ORD-1087,799,INR,2026-08-04 11:28:00
ORD-1088,1499,INR,2026-08-18 08:25:00
ORD-1089,499,INR,2026-08-13 06:34:00
ORD-1090,4999,INR,2026-08-01 00:18:00
ORD-1091,1499,INR,2026-08-12 02:50:00
ORD-1092,199,INR,2026-08-03 13:05:00
ORD-1093,1499,INR,2026-08-20 23:53:00
ORD-1094,999,INR,2026-08-06 10:46:00
ORD-1095,199,INR,2026-08-06 11:32:00
ORD-1096,299,INR,2026-08-02 22:46:00
ORD-1097,2499,INR,2026-08-19 13:39:00
ORD-1098,299,INR,2026-08-18 07:23:00
ORD-1099,4999,INR,2026-08-18 10:14:00
ORD-1100,499,INR,2026-08-03 22:07:00
